indic_de,geo\time	2011 	2012 	2013 	2014 	2015 	2016 	2017 	2018 	2019 	2020 	2021 	2022 
PC_Y0_14,AD	15.5 	15.5 	15.5 	: 	: 	: 	: 	: 	13.9 	: 	: 	: 
PC_Y0_14,AL	21.6 	20.7 	20.1 	19.6 	19.0 	18.5 	18.2 	17.7 	17.2 	16.8 	16.5 	16.3 
PC_Y0_14,AM	: 	: 	: 	: 	19.4 	19.6 	20.0 	20.2 	20.2 	20.3 	20.2 	: 
PC_Y0_14,AT	14.7 	14.6 	14.4 	14.3 	14.3 	14.3 	14.4 	14.4 	14.4 	14.4 	14.4 	14.4 
PC_Y0_14,AZ	22.3 	22.2 	22.3 	22.4 	22.4 	22.5 	22.6 	22.6 	22.4 	22.4 	22.3 	22.2 
PC_Y0_14,BE	17.0 b	17.0 	17.0 	17.0 	17.0 	17.0 	17.0 	17.0 	16.9 	16.9 	16.8 	16.6 
PC_Y0_14,BG	13.2 	13.4 	13.6 	13.7 	13.9 	14.0 	14.1 	14.2 	14.4 	14.4 	14.4 	14.5 
PC_Y0_14,BY	14.9 	15.1 	15.4 	15.7 	16.0 	16.3 	16.6 	16.8 	16.9 	: 	: 	: 
PC_Y0_14,CH	15.1 b	15.0 	14.9 	14.9 	14.9 	14.9 	14.9 	15.0 	15.0 	15.0 	15.1 	15.1 
PC_Y0_14,CY	16.8 	16.5 	16.4 	16.3 	16.4 	16.4 	16.3 	16.2 	16.1 	16.0 	16.0 	16.1 
PC_Y0_14,CZ	14.5 	14.7 	14.8 	15.0 	15.2 	15.4 	15.6 	15.7 	15.9 	16.0 	16.0 b	16.1 
PC_Y0_14,DE	13.6 b	13.4 	13.3 	13.2 b	13.2 	13.2 	13.4 	13.5 	13.6 	13.7 	13.8 	13.9 
PC_Y0_14,DK	17.9 	17.7 	17.4 	17.2 	17.0 	16.8 	16.7 	16.6 	16.5 	16.4 	16.2 	16.1 
PC_Y0_14,EA19	15.5 b	15.4 b	15.4 	15.3 b	15.3 b	15.2 	15.2 b	15.1 p	15.1 bep	15.0 ep	14.9 bp	14.8 bp
PC_Y0_14,EA20	: 	: 	: 	: 	: 	: 	: 	: 	: 	: 	: 	14.8 bp
PC_Y0_14,EE	15.3 	15.5 	15.7 	15.8 	15.9 b	16.1 	16.2 	16.3 	16.4 	16.5 	16.4 	16.4 
PC_Y0_14,EL	14.6 	14.7 	14.7 	14.6 	14.5 	14.4 	14.4 	14.4 	14.3 	14.3 	14.1 	13.7 b
PC_Y0_14,ES	15.0 	15.1 	15.2 	15.2 	15.2 	15.1 	15.1 	15.0 	14.8 	14.5 	14.3 	14.0 
PC_Y0_14,EU27_2020	15.4 b	15.4 b	15.4 	15.3 b	15.3 b	15.3 	15.2 b	15.2 p	15.2 bep	15.1 ep	15.0 bep	15.0 bep
PC_Y0_14,FI	16.5 	16.5 	16.4 	16.4 	16.4 	16.3 	16.2 	16.2 	16.0 	15.8 	15.6 	15.4 
PC_Y0_14,FR	18.6 	18.6 b	18.6 	18.6 b	18.6 	18.4 	18.3 	18.2 p	18.0 p	17.9 p	17.7 p	17.5 p
PC_Y0_14,FX	18.4 	18.4 	18.4 	: 	: 	: 	: 	: 	: 	: 	: 	: 
PC_Y0_14,GE	17.0 	16.9 	: 	17.1 	17.4 	19.1 	19.5 	20.0 	20.3 	20.4 	20.5 	20.8 
PC_Y0_14,HR	15.3 	15.1 	14.9 	14.8 	14.7 	14.6 	14.5 	14.5 	14.4 	14.3 	14.2 	14.3 b
PC_Y0_14,HU	14.6 	14.5 b	14.4 	14.4 	14.5 	14.5 	14.5 	14.5 	14.5 	14.5 	14.6 	14.6 
PC_Y0_14,IE	21.3 	21.6 	21.9 	21.5 	21.4 	21.3 	21.1 	20.8 	20.5 	20.3 	20.0 	19.7 
PC_Y0_14,IS	20.9 	20.7 	20.7 	20.5 	20.4 	20.0 	19.7 	19.3 	19.0 	18.7 	18.7 	18.6 
PC_Y0_14,IT	14.1 	14.0 	14.0 	13.9 	13.8 	13.7 	13.5 	13.4 	13.2 b	13.0 	12.9 	12.7 
PC_Y0_14,LI	16.0 	15.8 	15.5 	15.2 	15.1 	14.9 	14.9 	14.7 	14.7 	14.7 	14.6 	14.6 
PC_Y0_14,LT	14.9 	14.8 	14.7 	14.6 	14.6 	14.7 	14.8 	15.0 	15.1 	15.1 	15.1 	14.9 
PC_Y0_14,LU	17.6 	17.1 b	17.0 	16.8 	16.7 	16.5 	16.2 b	16.1 	16.1 	16.0 	16.0 	15.9 
PC_Y0_14,LV	14.2 	14.3 	14.4 	14.7 	15.0 	15.2 	15.6 	15.8 	15.9 	16.0 	16.0 	16.0 
PC_Y0_14,MD	16.4 	16.2 	16.1 	16.0 	16.0 	: 	16.0 	: 	: 	: 	18.3 p	: 
PC_Y0_14,ME	19.2 	19.0 	18.8 	18.6 	18.5 	18.3 	18.2 	18.1 	18.0 	17.9 	17.9 	17.9 
PC_Y0_14,MK	17.5 	17.2 	17.0 	16.9 	16.8 	16.7 	16.6 	16.5 	16.4 	16.2 	16.1 	17.0 b
PC_Y0_14,MT	15.0 	14.8 	14.6 	14.4 	14.3 	14.2 	14.1 	13.9 	13.7 	13.4 	13.4 	13.4 p
PC_Y0_14,NL	17.5 	17.3 	17.2 	16.9 	16.7 	16.5 	16.3 	16.1 	15.9 	15.7 	15.5 	15.4 
PC_Y0_14,NO	: 	: 	: 	18.2 	: 	17.9 	17.8 	17.7 	17.5 	17.3 	: 	16.9 
PC_Y0_14,PL	15.3 	15.1 	15.1 	15.0 	15.0 	15.0 	15.1 	15.2 	15.4 	15.4 	15.5 ep	15.4 ep
PC_Y0_14,PT	15.1 	14.9 	14.8 	14.6 	14.4 	14.1 	14.0 	13.8 	13.7 	13.6 	13.4 	12.8 bp
PC_Y0_14,RO	15.8 	15.8 	15.7 	15.5 e	15.5 	15.5 	15.6 	15.7 	15.7 	15.7 e	15.8 e	16.2 e
PC_Y0_14,RS	14.4 b	14.4 	14.4 	14.3 	14.4 	14.4 	14.4 	14.4 	14.3 	14.3 	14.3 	14.3 
PC_Y0_14,RU	15.2 	: 	: 	16.3 	: 	: 	: 	: 	: 	: 	: 	: 
PC_Y0_14,SE	16.6 	16.7 	16.9 	17.1 	17.3 	17.4 	17.6 	17.7 	17.8 	17.8 	17.7 	17.6 
PC_Y0_14,SI	14.2 	14.3 	14.5 	14.6 	14.8 	14.8 	14.9 	15.0 	15.1 	15.1 	15.1 	15.1 
PC_Y0_14,SK	15.4 	15.4 	15.4 	15.3 	15.3 	15.3 	15.5 	15.6 	15.7 	15.8 	15.9 	16.1 
PC_Y0_14,SM	: 	15.2 	15.1 	: 	: 	: 	: 	14.2 	: 	: 	: 	: 
PC_Y0_14,TR	25.6 	25.3 	24.9 	24.6 	24.3 	24.0 	23.7 	23.6 	23.4 	23.1 	22.8 	: 
PC_Y0_14,UA	14.2 	14.4 	14.6 	14.8 	15.1 	15.2 	15.4 	15.5 	15.4 	15.3 	15.2 	14.9 
PC_Y0_14,UK	17.6 	17.6 	17.6 	17.6 	17.7 	17.7 	17.8 	17.9 	17.9 	: 	: 	: 
PC_Y0_14,XK	: 	: 	: 	: 	: 	27.3 	25.0 	25.0 	24.4 	24.0 	23.8 	23.8 
PC_Y15_24,AD	9.8 	9.8 	10.0 	: 	: 	: 	: 	: 	10.6 	: 	: 	: 
PC_Y15_24,AL	18.5 	18.4 	18.2 	17.9 	17.5 	17.1 	16.5 	16.1 	15.5 	14.9 	14.4 	13.8 
PC_Y15_24,AM	: 	: 	: 	: 	14.8 	13.8 	12.8 	12.1 	11.8 	11.6 	11.4 	: 
PC_Y15_24,AT	12.2 	12.1 	12.1 	11.9 	11.8 	11.7 	11.5 	11.2 	10.9 	10.7 	10.5 	10.4 
PC_Y15_24,AZ	20.0 	19.4 	18.6 	17.8 	17.0 	16.1 	15.3 	14.7 	14.1 	13.5 	13.0 	12.6 
PC_Y15_24,BE	12.1 b	12.1 	12.0 	11.9 	11.8 	11.7 	11.6 	11.4 	11.4 	11.4 	11.4 	11.4 
PC_Y15_24,BG	11.8 	11.4 	10.9 	10.4 	10.0 	9.6 	9.3 	9.1 	8.9 	8.8 	9.0 	9.1 
PC_Y15_24,BY	14.2 	13.6 	12.9 	12.2 	11.6 	11.1 	10.6 	10.2 	9.9 	: 	: 	: 
PC_Y15_24,CH	11.9 b	11.8 	11.7 	11.6 	11.4 	11.2 	11.1 	10.8 	10.6 	10.5 	10.4 	10.2 
PC_Y15_24,CY	16.0 	15.5 	15.0 	14.3 	14.1 	13.8 	13.7 	13.2 	12.8 	12.7 	12.3 	11.9 
PC_Y15_24,CZ	12.0 	11.5 	11.1 	10.7 	10.3 	9.9 	9.6 	9.3 	9.1 	9.0 	9.1 b	9.3 
PC_Y15_24,DE	11.1 b	11.0 	10.9 	10.8 b	10.7 	10.7 	10.6 	10.5 	10.4 	10.3 	10.1 	10.0 
PC_Y15_24,DK	12.5 	12.7 	12.8 	12.9 	12.9 	12.9 	12.9 	12.8 	12.6 	12.5 	12.3 	12.2 
PC_Y15_24,EA19	11.3 b	11.1 b	11.0 	10.9 b	10.8 b	10.8 	10.7 b	10.7 p	10.7 bep	10.7 ep	10.7 bp	10.7 bp
PC_Y15_24,EA20	: 	: 	: 	: 	: 	: 	: 	: 	: 	: 	: 	10.7 bp
PC_Y15_24,EE	13.0 	12.5 	11.8 	11.2 	10.7 b	10.2 	9.9 	9.6 	9.5 	9.5 	9.5 	9.7 
PC_Y15_24,EL	10.9 	10.7 	10.6 	10.4 	10.2 	10.1 	10.1 	10.1 	10.2 	10.3 	10.4 	10.0 b
PC_Y15_24,ES	10.3 	10.0 	9.9 	9.7 	9.6 	9.6 	9.6 	9.7 	9.8 	10.0 	10.2 	10.4 
PC_Y15_24,EU27_2020	11.7 b	11.5 b	11.3 	11.1 b	11.0 b	10.9 	10.8 b	10.7 p	10.6 bep	10.6 ep	10.6 bep	10.5 bep
PC_Y15_24,FI	12.3 	12.2 	12.2 	12.0 	11.9 	11.7 	11.5 	11.3 	11.2 	11.1 	11.0 	11.0 
PC_Y15_24,FR	12.3 	12.1 b	12.0 	11.9 b	11.8 	11.8 	11.8 	11.7 p	11.8 p	11.8 p	12.0 p	12.0 p
PC_Y15_24,FX	12.3 	12.1 	11.9 	: 	: 	: 	: 	: 	: 	: 	: 	: 
PC_Y15_24,GE	15.4 	15.0 	: 	13.9 	13.8 	12.6 	12.0 	11.6 	11.5 	11.4 	11.3 	11.2 
PC_Y15_24,HR	11.8 	11.8 	11.7 	11.7 	11.6 	11.4 	11.2 	11.1 	10.9 	10.8 	10.6 	10.2 b
PC_Y15_24,HU	12.3 	12.2 b	12.1 	11.9 	11.6 	11.4 	11.1 	10.9 	10.7 	10.5 	10.4 	10.4 
PC_Y15_24,IE	12.9 	12.2 	11.7 	12.2 	12.2 	12.1 	12.2 	12.4 	12.6 	12.7 	12.6 	12.8 
PC_Y15_24,IS	14.7 	14.8 	14.7 	14.5 	14.3 	14.1 	13.9 	13.7 	13.4 	13.2 	13.0 	12.9 
PC_Y15_24,IT	10.0 	10.0 	9.9 	9.8 	9.8 	9.8 	9.7 	9.7 	9.8 b	9.8 	9.8 	9.8 
PC_Y15_24,LI	12.1 	12.1 	12.1 	11.9 	11.7 	11.6 	11.4 	11.3 	10.9 	10.8 	10.5 	10.4 
PC_Y15_24,LT	14.2 	13.9 	13.5 	13.3 	12.9 	12.4 	11.8 	11.0 	10.5 	10.2 	10.0 	9.6 
PC_Y15_24,LU	11.9 	12.1 b	12.2 	12.0 	12.0 	11.9 	11.9 b	11.8 	11.6 	11.5 	11.3 	11.2 
PC_Y15_24,LV	13.4 	12.7 	12.0 	11.3 	10.7 	10.1 	9.7 	9.3 	9.2 	9.1 	9.2 	9.4 
PC_Y15_24,MD	17.8 	17.0 	16.2 	15.3 	14.5 	: 	13.1 	: 	: 	: 	10.3 p	: 
PC_Y15_24,ME	14.0 	13.9 	13.6 	13.4 	13.3 	13.2 	13.2 	13.1 	13.0 	12.8 	12.5 	12.4 
PC_Y15_24,MK	15.2 	15.0 	14.6 	14.2 	13.8 	13.5 	13.1 	12.7 	12.4 	12.0 	11.8 	11.5 b
PC_Y15_24,MT	13.5 	13.3 	13.2 	12.9 	12.6 	12.2 	11.7 	11.3 	11.0 	10.7 	10.1 	9.6 p
PC_Y15_24,NL	12.3 	12.2 	12.2 	12.2 	12.2 	12.3 	12.3 	12.3 	12.3 	12.3 	12.2 	12.3 
PC_Y15_24,NO	: 	: 	: 	13.1 	: 	12.8 	12.7 	12.5 	12.4 	12.3 	: 	12.0 
PC_Y15_24,PL	13.7 	13.3 	12.8 	12.4 	11.9 	11.5 	11.0 	10.7 	10.3 	10.0 	9.9 ep	9.8 ep
PC_Y15_24,PT	10.9 	10.8 	10.7 	10.7 	10.7 	10.7 	10.6 	10.6 	10.6 	10.6 	10.7 	10.5 bp
PC_Y15_24,RO	12.3 	12.2 	11.8 	11.4 e	11.1 	10.9 	10.8 	10.6 	10.6 	10.5 e	10.6 e	10.5 e
PC_Y15_24,RS	11.9 b	11.7 	11.5 	11.3 	11.1 	10.9 	10.7 	10.6 	10.5 	10.4 	10.4 	10.4 
PC_Y15_24,RU	14.4 	: 	: 	11.8 	: 	: 	: 	: 	: 	: 	: 	: 
PC_Y15_24,SE	13.3 	13.1 	12.9 	12.6 	12.3 	12.0 	11.7 	11.5 	11.3 	11.2 	11.1 	11.2 
PC_Y15_24,SI	11.2 	10.9 	10.5 	10.1 	9.8 	9.6 	9.5 	9.4 	9.4 	9.4 	9.4 	9.4 
PC_Y15_24,SK	14.0 	13.5 	13.0 	12.6 	12.2 	11.7 	11.2 	10.8 	10.4 	10.2 	10.0 	9.9 
PC_Y15_24,SM	: 	8.9 	8.9 	: 	: 	: 	: 	9.7 	: 	: 	: 	: 
PC_Y15_24,TR	17.0 	16.8 	16.6 	16.6 	16.5 	16.4 	16.3 	16.1 	15.8 	15.6 	15.4 	: 
PC_Y15_24,UA	13.7 	13.0 	12.4 	11.8 	11.3 	10.7 	10.2 	9.8 	9.6 	9.5 	9.4 	9.5 
PC_Y15_24,UK	13.1 	13.0 	12.9 	12.7 	12.6 	12.4 	12.1 	11.9 	11.8 	: 	: 	: 
PC_Y15_24,XK	: 	: 	: 	: 	: 	19.2 	18.2 	18.2 	17.8 	17.5 	17.3 	16.8 
PC_Y25_49,AD	43.9 	43.9 	43.2 	: 	: 	: 	: 	: 	39.4 	: 	: 	: 
PC_Y25_49,AL	32.1 	32.1 	32.0 	32.0 	32.0 	32.3 	32.6 	32.7 	33.0 	33.2 	33.5 	33.7 
PC_Y25_49,AM	: 	: 	: 	: 	35.9 	36.3 	36.6 	36.9 	36.9 	37.0 	37.1 	: 
PC_Y25_49,AT	36.5 	36.2 	35.8 	35.5 	35.2 	34.9 	34.6 	34.3 	34.0 	33.8 	33.6 	33.5 
PC_Y25_49,AZ	38.5 	38.5 	38.6 	38.6 	38.7 	38.8 	38.9 	39.0 	39.1 	39.1 	39.1 	39.2 
PC_Y25_49,BE	34.4 b	34.1 	33.8 	33.6 	33.3 	33.1 	32.9 	32.8 	32.7 	32.6 	32.5 	32.3 
PC_Y25_49,BG	35.0 	35.1 	35.1 	35.2 	35.3 	35.4 	35.4 	35.3 	35.0 	34.6 	34.2 	34.0 
PC_Y25_49,BY	36.9 	36.9 	36.8 	36.8 	36.8 	36.8 	36.7 	36.7 	36.6 	: 	: 	: 
PC_Y25_49,CH	36.8 b	36.7 	36.4 	36.2 	35.9 	35.7 	35.4 	35.2 	35.0 	34.8 	34.7 	34.5 
PC_Y25_49,CY	36.9 	37.5 	37.6 	37.5 	36.9 	36.6 	36.5 	36.7 	37.1 	37.2 	37.4 	37.7 
PC_Y25_49,CZ	37.2 	37.2 	37.3 	37.1 	37.0 	36.9 	36.8 	36.7 	36.7 	36.5 	35.6 b	35.2 
PC_Y25_49,DE	34.6 b	34.2 	33.9 	33.5 b	33.1 	32.9 	32.4 	32.0 	31.6 	31.3 	31.1 	31.0 
PC_Y25_49,DK	33.4 	33.1 	32.8 	32.5 	32.3 	32.1 	31.8 	31.7 	31.7 	31.7 	31.6 	31.6 
PC_Y25_49,EA19	35.5 b	35.2 b	34.8 	34.5 b	34.0 b	33.7 	33.3 b	32.9 p	32.6 bep	32.2 ep	31.9 bp	31.6 bp
PC_Y25_49,EA20	: 	: 	: 	: 	: 	: 	: 	: 	: 	: 	: 	31.6 bp
PC_Y25_49,EE	34.6 	34.4 	34.5 	34.7 	34.8 b	35.0 	35.0 	35.1 	34.9 	34.7 	34.4 	34.2 
PC_Y25_49,EL	36.7 	36.3 	35.9 	35.5 	35.1 	34.7 	34.2 	33.7 	33.1 	32.6 	32.2 	32.2 b
PC_Y25_49,ES	39.9 	39.5 	38.9 	38.2 	37.5 	36.9 	36.3 	35.8 	35.3 	34.8 	34.4 	33.8 
PC_Y25_49,EU27_2020	35.5 b	35.3 b	35.0 	34.8 b	34.5 b	34.2 	33.9 b	33.6 p	33.3 bep	33.0 ep	32.7 bep	32.4 bep
PC_Y25_49,FI	32.1 	31.9 	31.6 	31.5 	31.3 	31.2 	31.2 	31.2 	31.2 	31.3 	31.4 	31.6 
PC_Y25_49,FR	33.0 	32.8 b	32.5 	32.2 b	32.0 	31.7 	31.4 	31.2 p	31.0 p	30.7 p	30.5 p	30.3 p
PC_Y25_49,FX	32.9 	32.7 	32.5 	: 	: 	: 	: 	: 	: 	: 	: 	: 
PC_Y25_49,GE	36.0 	36.1 	: 	35.9 	35.8 	34.3 	34.4 	34.2 	33.9 	33.6 	33.6 	33.2 
PC_Y25_49,HR	34.2 	34.0 	33.8 	33.7 	33.5 	33.3 	33.0 	32.7 	32.5 	32.5 	32.6 	31.7 b
PC_Y25_49,HU	35.9 	35.4 b	35.5 	35.6 	35.7 	35.8 	35.9 	35.9 	35.8 	35.7 	35.6 	35.4 
PC_Y25_49,IE	38.4 	38.1 	37.7 	37.1 	36.7 	36.5 	36.2 	35.8 	35.6 	35.2 	35.0 	34.7 
PC_Y25_49,IS	34.6 	34.1 	33.8 	33.7 	33.6 	33.7 	34.0 	34.8 	35.5 	36.0 	36.1 	36.3 
PC_Y25_49,IT	36.0 	35.7 	35.3 	35.0 	34.5 	33.9 	33.4 	32.9 	32.3 b	31.7 	31.2 	30.7 
PC_Y25_49,LI	37.1 	36.6 	36.1 	35.8 	35.2 	34.8 	34.3 	33.8 	33.3 	32.9 	32.7 	32.4 
PC_Y25_49,LT	34.1 	33.6 	33.3 	33.1 	32.9 	32.9 	32.7 	32.6 	32.7 	32.7 	32.9 	32.9 
PC_Y25_49,LU	38.5 	38.5 b	38.5 	38.4 	38.3 	38.3 	38.2 b	38.1 	38.2 	38.2 	38.2 	38.2 
PC_Y25_49,LV	34.5 	34.4 	34.4 	34.4 	34.3 	34.3 	34.2 	34.1 	33.8 	33.5 	33.2 	32.8 
PC_Y25_49,MD	37.3 	37.6 	38.1 	38.6 	39.1 	: 	39.9 	: 	: 	: 	35.7 p	: 
PC_Y25_49,ME	34.9 	34.8 	34.8 	34.7 	34.5 	34.4 	34.2 	34.2 	34.2 	34.1 	34.2 	34.2 
PC_Y25_49,MK	37.2 	37.2 	37.4 	37.5 	37.4 	37.4 	37.5 	37.5 	37.5 	37.5 	37.6 	33.8 b
PC_Y25_49,MT	34.0 	33.9 	33.8 	34.2 	34.7 	35.4 	36.0 	37.2 	38.5 	39.9 	40.2 	40.6 p
PC_Y25_49,NL	34.4 	33.9 	33.5 	33.1 	32.7 	32.4 	32.2 	32.0 	31.8 	31.6 	31.4 	31.2 
PC_Y25_49,NO	: 	: 	: 	34.6 	: 	34.5 	34.4 	34.3 	34.1 	34.0 	: 	33.7 
PC_Y25_49,PL	36.0 	36.1 	36.3 	36.4 	36.5 	36.7 	36.9 	36.9 	37.0 	37.0 	36.9 ep	36.8 ep
PC_Y25_49,PT	36.2 	35.8 	35.4 	34.9 	34.5 	34.0 	33.6 	33.3 	32.9 	32.6 	32.4 	31.7 bp
PC_Y25_49,RO	35.7 	35.8 	36.3 	36.8 e	37.1 	37.2 	37.3 	36.4 	35.6 	35.0 e	34.5 e	33.4 e
PC_Y25_49,RS	33.8 b	33.8 	33.8 	33.8 	33.8 	33.8 	33.8 	33.8 	33.8 	33.7 	33.8 	33.8 
PC_Y25_49,RU	37.1 	: 	: 	37.4 	: 	: 	: 	: 	: 	: 	: 	: 
PC_Y25_49,SE	32.8 	32.8 	32.8 	32.8 	32.7 	32.7 	32.8 	32.8 	32.9 	33.0 	32.9 	32.8 
PC_Y25_49,SI	37.2 	36.8 	36.6 	36.3 	35.9 	35.4 	34.9 	34.4 	34.1 	33.9 	33.7 	33.4 
PC_Y25_49,SK	38.1 	38.2 	38.2 	38.2 	38.1 	38.1 	38.1 	38.1 	38.1 	37.9 	37.7 	37.4 
PC_Y25_49,SM	: 	38.8 	38.1 	: 	: 	: 	: 	34.1 	: 	: 	: 	: 
PC_Y25_49,TR	37.3 	37.5 	37.4 	37.4 	37.2 	36.9 	36.9 	37.0 	37.0 	37.1 	37.0 	: 
PC_Y25_49,UA	36.8 	37.0 	37.1 	37.2 	37.3 	37.4 	37.5 	37.6 	37.6 	37.6 	37.4 	37.4 
PC_Y25_49,UK	34.7 	34.4 	34.2 	33.9 	33.6 	33.4 	33.2 	33.0 	32.8 	: 	: 	: 
PC_Y25_49,XK	: 	: 	: 	: 	: 	34.3 	35.1 	35.1 	35.2 	35.1 	35.3 	35.2 
PC_Y50_64,AD	18.2 	18.2 	18.7 	: 	: 	: 	: 	: 	22.5 	: 	: 	: 
PC_Y50_64,AL	16.8 	17.5 	18.1 	18.6 	19.0 	19.3 	19.6 	20.0 	20.2 	20.3 	20.3 	20.4 
PC_Y50_64,AM	: 	: 	: 	: 	19.2 	19.4 	19.4 	19.2 	19.1 	18.9 	18.6 	: 
PC_Y50_64,AT	18.9 	19.4 	19.7 	20.0 	20.3 	20.6 	21.0 	21.4 	21.7 	22.0 	22.2 	22.3 
PC_Y50_64,AZ	13.4 	14.1 	14.8 	15.4 	15.9 	16.4 	16.8 	17.2 	17.6 	17.9 	18.1 	18.1 
PC_Y50_64,BE	19.4 b	19.5 	19.6 	19.7 	19.9 	20.0 	20.1 	20.1 	20.1 	20.1 	20.1 	20.1 
PC_Y50_64,BG	21.5 	21.3 	21.2 	21.1 	20.9 	20.6 	20.5 	20.3 	20.4 	20.5 	20.6 	20.7 
PC_Y50_64,BY	20.1 	20.7 	21.1 	21.4 	21.4 	21.4 	21.4 	21.3 	21.3 	: 	: 	: 
PC_Y50_64,CH	19.2 b	19.4 	19.5 	19.7 	20.0 	20.3 	20.5 	20.7 	20.9 	21.0 	21.1 	21.1 
PC_Y50_64,CY	17.6 	17.7 	17.9 	18.1 	18.0 	18.0 	18.0 	18.0 	17.9 	17.7 	17.8 	17.8 
PC_Y50_64,CZ	20.8 	20.4 	20.0 	19.8 	19.7 	19.5 	19.3 	19.0 	18.8 	18.6 	18.8 b	18.7 
PC_Y50_64,DE	20.1 b	20.7 	21.2 	21.7 b	22.0 	22.1 	22.4 	22.6 	22.8 	23.0 	23.0 	22.9 
PC_Y50_64,DK	19.4 	19.2 	19.1 	19.1 	19.2 	19.3 	19.5 	19.6 	19.6 	19.7 	19.7 	19.7 
PC_Y50_64,EA19	19.3 b	19.6 b	19.8 	20.0 b	20.2 b	20.4 	20.7 b	20.9 p	21.1 bep	21.2 ep	21.4 bp	21.5 bp
PC_Y50_64,EA20	: 	: 	: 	: 	: 	: 	: 	: 	: 	: 	: 	21.5 bp
PC_Y50_64,EE	19.6 	19.9 	20.0 	20.0 	19.8 b	19.7 	19.6 	19.4 	19.4 	19.4 	19.3 	19.4 
PC_Y50_64,EL	18.5 	18.6 	18.8 	19.0 	19.2 	19.4 	19.7 	20.0 	20.3 	20.5 	20.7 	21.4 b
PC_Y50_64,ES	17.7 	18.0 	18.4 	18.7 	19.2 	19.6 	20.0 	20.4 	20.7 	21.0 	21.4 	21.8 
PC_Y50_64,EU27_2020	19.6 b	19.8 b	20.0 	20.1 b	20.2 b	20.3 	20.4 b	20.6 p	20.7 bep	20.8 ep	20.9 bep	21.0 bep
PC_Y50_64,FI	21.6 	21.3 	21.0 	20.7 	20.5 	20.3 	20.2 	20.0 	19.9 	19.6 	19.4 	19.1 
PC_Y50_64,FR	19.4 	19.4 b	19.3 	19.3 b	19.2 	19.2 	19.2 	19.2 p	19.2 p	19.2 p	19.2 p	19.3 p
PC_Y50_64,FX	19.5 	19.5 	19.4 	: 	: 	: 	: 	: 	: 	: 	: 	: 
PC_Y50_64,GE	17.7 	18.3 	: 	19.1 	19.0 	19.7 	19.7 	19.6 	19.5 	19.5 	19.4 	19.3 
PC_Y50_64,HR	21.0 	21.2 	21.3 	21.4 	21.4 	21.5 	21.6 	21.7 	21.6 	21.4 	21.1 	21.3 b
PC_Y50_64,HU	20.4 	21.0 b	20.8 	20.5 	20.3 	20.0 	19.8 	19.7 	19.6 	19.3 	19.2 	19.1 
PC_Y50_64,IE	16.0 	16.2 	16.4 	16.6 	16.7 	16.9 	17.0 	17.1 	17.2 	17.4 	17.6 	17.8 
PC_Y50_64,IS	17.5 	17.7 	17.9 	18.1 	18.2 	18.3 	18.3 	18.1 	17.9 	17.7 	17.5 	17.3 
PC_Y50_64,IT	19.5 	19.5 	19.7 	19.9 	20.2 	20.6 	21.0 	21.5 	21.9 b	22.3 	22.6 	23.0 
PC_Y50_64,LI	20.9 	21.1 	21.4 	21.6 	22.0 	22.2 	22.5 	22.7 	23.2 	23.3 	23.5 	23.5 
PC_Y50_64,LT	19.0 	19.7 	20.2 	20.6 	20.8 	21.1 	21.4 	21.7 	21.9 	22.0 	22.1 	22.7 
PC_Y50_64,LU	18.1 	18.2 b	18.4 	18.7 	18.9 	19.2 	19.5 b	19.6 	19.8 	19.8 	19.9 	20.0 
PC_Y50_64,LV	19.5 	20.0 	20.4 	20.6 	20.6 	20.7 	20.7 	20.8 	20.9 	20.9 	20.9 	20.9 
PC_Y50_64,MD	18.5 	19.2 	19.7 	20.0 	20.1 	: 	19.9 	: 	: 	: 	20.8 p	: 
PC_Y50_64,ME	19.1 	19.4 	19.7 	19.9 	20.0 	20.0 	20.0 	19.9 	19.8 	19.6 	19.5 	19.4 
PC_Y50_64,MK	18.4 	18.8 	19.0 	19.1 	19.3 	19.4 	19.6 	19.7 	19.7 	19.8 	19.8 	20.6 b
PC_Y50_64,MT	21.8 	21.6 	21.3 	20.8 	20.3 	19.8 	19.3 	18.7 	18.2 	17.5 	17.4 	17.2 p
PC_Y50_64,NL	20.4 	20.3 	20.3 	20.4 	20.5 	20.6 	20.7 	20.8 	20.9 	21.0 	21.1 	21.1 
PC_Y50_64,NO	: 	: 	: 	18.2 	: 	18.3 	18.4 	18.5 	18.7 	18.8 	: 	19.1 
PC_Y50_64,PL	21.4 	21.5 	21.4 	21.3 	21.1 	20.8 	20.4 	20.1 	19.7 	19.3 	19.0 ep	18.8 ep
PC_Y50_64,PT	19.1 	19.4 	19.8 	20.0 	20.2 	20.4 	20.6 	20.7 	20.9 	21.0 	21.1 	21.3 bp
PC_Y50_64,RO	20.1 	20.0 	20.0 	19.8 e	19.3 	18.9 	18.6 	19.1 	19.7 	19.9 e	19.9 e	20.4 e
PC_Y50_64,RS	22.7 b	22.8 	22.8 	22.6 	22.3 	21.9 	21.7 	21.3 	20.9 	20.6 	20.3 	20.2 
PC_Y50_64,RU	20.5 	: 	: 	21.4 	: 	: 	: 	: 	: 	: 	: 	: 
PC_Y50_64,SE	18.8 	18.5 	18.3 	18.1 	18.1 	18.1 	18.1 	18.1 	18.1 	18.1 	18.1 	18.1 
PC_Y50_64,SI	20.9 	21.2 	21.4 	21.5 	21.6 	21.7 	21.8 	21.8 	21.6 	21.4 	21.2 	21.1 
PC_Y50_64,SK	19.9 	20.2 	20.3 	20.3 	20.4 	20.4 	20.2 	19.9 	19.7 	19.5 	19.3 	19.3 
PC_Y50_64,SM	: 	19.6 	20.0 	: 	: 	: 	: 	22.9 	: 	: 	: 	: 
PC_Y50_64,TR	12.8 	13.1 	13.5 	13.8 	14.1 	14.5 	14.8 	14.9 	15.0 	15.2 	15.2 	: 
PC_Y50_64,UA	19.9 	20.4 	20.7 	20.9 	20.8 	20.7 	20.6 	20.6 	20.6 	20.5 	20.6 	20.6 
PC_Y50_64,UK	18.2 	18.2 	18.1 	18.2 	18.4 	18.5 	18.7 	18.9 	19.1 	: 	: 	: 
PC_Y50_64,XK	: 	: 	: 	: 	: 	12.2 	13.5 	13.5 	14.1 	14.5 	14.7 	15.1 
PC_Y65_79,AD	8.6 	8.6 	8.6 	: 	: 	: 	: 	: 	10.2 	: 	: 	: 
PC_Y65_79,AL	9.1 	9.3 	9.6 	9.9 	10.2 	10.5 	10.7 	11.0 	11.4 	11.9 	12.3 	12.6 
PC_Y65_79,AM	: 	: 	: 	: 	8.3 	8.4 	8.6 	8.8 	9.0 	9.3 	9.5 	: 
PC_Y65_79,AT	12.8 	12.8 	13.1 	13.3 	13.4 	13.5 	13.6 	13.7 	13.8 	13.7 	13.6 	13.6 
PC_Y65_79,AZ	4.8 	4.7 	4.7 	4.7 	4.8 	4.9 	5.0 	5.2 	5.3 	5.6 	5.9 	6.3 
PC_Y65_79,BE	12.1 b	12.2 	12.3 	12.5 	12.6 	12.8 	12.9 	13.1 	13.3 	13.4 	13.7 	14.0 
PC_Y65_79,BG	14.4 	14.7 	14.9 	15.1 	15.4 	15.8 	16.0 	16.2 	16.5 	16.8 	16.9 	16.9 
PC_Y65_79,BY	10.5 	10.3 	10.3 	10.4 	10.7 	10.9 	11.0 	11.2 	11.3 	: 	: 	: 
PC_Y65_79,CH	12.2 b	12.4 	12.5 	12.7 	12.8 	12.9 	13.0 	13.2 	13.3 	13.4 	13.5 	13.6 
PC_Y65_79,CY	9.8 	9.9 	10.3 	10.8 	11.4 	11.8 	12.1 	12.4 	12.5 	12.5 	12.6 	12.6 
PC_Y65_79,CZ	11.9 	12.4 	12.9 	13.4 	13.9 	14.3 	14.8 	15.2 	15.5 	15.8 	16.3 b	16.3 
PC_Y65_79,DE	15.4 b	15.4 	15.4 	15.5 b	15.4 	15.3 	15.2 	15.2 	15.1 	14.9 	14.8 	14.8 
PC_Y65_79,DK	12.7 	13.2 	13.7 	14.1 	14.3 	14.6 	14.7 	14.9 	15.0 	15.2 	15.3 	15.4 
PC_Y65_79,EA19	13.2 b	13.4 b	13.5 	13.8 b	13.9 b	14.1 	14.2 b	14.4 p	14.5 bep	14.6 ep	14.8 bp	15.0 bp
PC_Y65_79,EA20	: 	: 	: 	: 	: 	: 	: 	: 	: 	: 	: 	15.0 bp
PC_Y65_79,EE	13.1 	13.2 	13.3 	13.5 	13.8 b	13.9 	14.1 	14.1 	14.1 	14.2 	14.4 	14.4 
PC_Y65_79,EL	14.1 	14.2 	14.4 	14.5 	14.6 	14.8 	14.8 	14.9 	14.9 	15.0 	15.3 	15.5 b
PC_Y65_79,ES	12.0 	12.1 	12.2 	12.4 	12.6 	12.7 	12.8 	13.0 	13.3 	13.6 	13.7 	14.0 
PC_Y65_79,EU27_2020	12.9 b	13.1 b	13.3 	13.5 b	13.7 b	13.9 	14.1 b	14.3 p	14.4 bep	14.6 ep	14.8 bep	15.1 bep
PC_Y65_79,FI	12.7 	13.3 	13.8 	14.4 	14.9 	15.3 	15.7 	16.0 	16.3 	16.6 	17.0 	17.1 
PC_Y65_79,FR	11.4 	11.6 b	11.9 	12.3 b	12.6 	13.0 	13.3 	13.6 p	13.9 p	14.3 p	14.6 p	14.9 p
PC_Y65_79,FX	11.5 	11.7 	12.0 	: 	: 	: 	: 	: 	: 	: 	: 	: 
PC_Y65_79,GE	10.4 	10.3 	: 	10.3 	10.3 	11.2 	11.2 	11.3 	11.4 	11.5 	11.6 	11.9 
PC_Y65_79,HR	13.8 	13.8 	13.9 	14.0 	14.2 	14.4 	14.6 	14.9 	15.2 	15.6 	15.9 	17.0 b
PC_Y65_79,HU	12.7 	12.9 b	13.1 	13.4 	13.7 	14.0 	14.3 	14.6 	14.9 	15.4 	15.7 	15.9 
PC_Y65_79,IE	8.7 	9.0 	9.3 	9.6 	9.9 	10.1 	10.3 	10.6 	10.8 	11.0 	11.2 	11.5 
PC_Y65_79,IS	8.9 	9.1 	9.3 	9.6 	9.9 	10.2 	10.4 	10.5 	10.7 	10.9 	11.3 	11.5 
PC_Y65_79,IT	14.5 	14.7 	14.9 	15.0 	15.2 	15.4 	15.5 	15.6 	15.7 b	15.8 	16.0 	16.2 
PC_Y65_79,LI	10.7 	11.2 	11.7 	12.2 	12.6 	13.1 	13.4 	13.8 	14.1 	14.3 	14.5 	14.8 
PC_Y65_79,LT	13.5 	13.5 	13.4 	13.5 	13.6 	13.7 	13.8 	14.0 	14.0 	14.0 	14.0 	14.3 
PC_Y65_79,LU	10.1 	10.1 b	10.1 	10.1 	10.2 	10.3 	10.3 b	10.4 	10.4 	10.5 	10.7 	10.8 
PC_Y65_79,LV	14.1 	14.1 	14.1 	14.3 	14.5 	14.6 	14.7 	14.7 	14.7 	14.7 	14.8 	14.8 
PC_Y65_79,MD	8.0 	7.9 	7.8 	7.9 	8.2 	: 	8.9 	: 	: 	: 	12.6 p	: 
PC_Y65_79,ME	10.4 	10.5 	10.6 	10.7 	10.9 	11.3 	11.3 	11.6 	11.9 	12.2 	12.5 	12.8 
PC_Y65_79,MK	9.8 	9.8 	10.0 	10.2 	10.4 	10.7 	10.8 	11.2 	11.5 	11.9 	12.2 	14.0 b
PC_Y65_79,MT	12.2 	12.8 	13.4 	13.9 	14.2 	14.5 	14.7 	14.6 	14.5 	14.3 	14.6 	14.9 p
PC_Y65_79,NL	11.6 	12.1 	12.6 	13.1 	13.4 	13.8 	14.0 	14.3 	14.6 	14.8 	15.0 	15.2 
PC_Y65_79,NO	: 	: 	: 	11.6 	: 	12.2 	12.4 	12.7 	13.0 	13.2 	: 	13.8 
PC_Y65_79,PL	10.1 	10.3 	10.6 	11.0 	11.4 	11.8 	12.3 	12.8 	13.3 	13.8 	14.3 ep	14.8 ep
PC_Y65_79,PT	13.8 	13.9 	14.1 	14.3 	14.6 	14.8 	15.0 	15.2 	15.4 	15.6 	15.8 	16.7 bp
PC_Y65_79,RO	12.5 	12.5 	12.5 	12.6 e	12.9 	13.2 	13.4 	13.6 	13.9 	14.1 e	14.5 e	15.0 e
PC_Y65_79,RS	13.8 b	13.7 	13.8 	14.1 	14.3 	14.7 	15.0 	15.4 	15.8 	16.3 	16.5 	16.7 
PC_Y65_79,RU	9.8 	: 	: 	10.1 	: 	: 	: 	: 	: 	: 	: 	: 
PC_Y65_79,SE	13.2 	13.6 	13.9 	14.3 	14.5 	14.7 	14.7 	14.8 	14.8 	14.8 	14.9 	14.9 
PC_Y65_79,SI	12.4 	12.5 	12.6 	12.8 	13.1 	13.4 	13.8 	14.2 	14.5 	14.8 	15.2 	15.5 
PC_Y65_79,SK	9.8 	9.9 	10.1 	10.5 	10.9 	11.3 	11.8 	12.3 	12.7 	13.2 	13.6 	14.0 
PC_Y65_79,SM	: 	12.4 	12.5 	: 	: 	: 	: 	13.5 	: 	: 	: 	: 
PC_Y65_79,TR	5.9 	5.9 	6.0 	6.0 	6.3 	6.6 	6.6 	6.8 	7.0 	7.3 	7.7 	: 
PC_Y65_79,UA	11.8 	11.7 	11.7 	11.9 	12.2 	12.4 	12.5 	12.5 	12.5 	12.6 	12.8 	12.9 
PC_Y65_79,UK	11.9 	12.1 	12.5 	12.8 	13.0 	13.1 	13.2 	13.3 	13.4 	: 	: 	: 
PC_Y65_79,XK	: 	: 	: 	: 	: 	6.0 	6.5 	6.5 	6.8 	7.0 	7.0 	7.2 
PC_Y80_MAX,AD	4.0 	4.0 	4.0 	: 	: 	: 	: 	: 	3.4 	: 	: 	: 
PC_Y80_MAX,AL	2.0 	2.0 	2.0 	2.1 	2.2 	2.3 	2.4 	2.5 	2.7 	2.9 	3.0 	3.1 
PC_Y80_MAX,AM	: 	: 	: 	: 	2.4 	2.5 	2.7 	2.8 	3.0 	3.1 	3.1 	: 
PC_Y80_MAX,AT	4.9 	5.0 	5.0 	5.0 	5.0 	4.9 	4.9 	4.9 	5.0 	5.3 	5.6 	5.8 
PC_Y80_MAX,AZ	1.0 	1.0 	1.1 	1.1 	1.2 	1.2 	1.3 	1.4 	1.5 	1.6 	1.6 	1.6 
PC_Y80_MAX,BE	5.0 b	5.2 	5.3 	5.3 	5.4 	5.5 	5.5 	5.6 	5.6 	5.7 	5.6 	5.5 
PC_Y80_MAX,BG	4.0 	4.1 	4.3 	4.4 	4.6 	4.7 	4.8 	4.8 	4.8 	4.9 	4.9 	4.7 
PC_Y80_MAX,BY	3.3 	3.4 	3.5 	3.5 	3.5 	3.6 	3.7 	3.8 	3.9 	: 	: 	: 
PC_Y80_MAX,CH	4.7 b	4.8 	4.9 	4.9 	5.0 	5.0 	5.1 	5.1 	5.2 	5.3 	5.3 	5.4 
PC_Y80_MAX,CY	2.9 	2.9 	2.9 	3.1 	3.2 	3.3 	3.4 	3.5 	3.7 	3.8 	3.9 	3.9 
PC_Y80_MAX,CZ	3.7 	3.8 	3.9 	3.9 	4.0 	4.0 	4.0 	4.0 	4.1 	4.1 	4.2 b	4.3 
PC_Y80_MAX,DE	5.2 b	5.3 	5.4 	5.4 b	5.6 	5.8 	6.0 	6.2 	6.5 	6.8 	7.1 	7.3 
PC_Y80_MAX,DK	4.1 	4.1 	4.2 	4.2 	4.2 	4.3 	4.3 	4.4 	4.5 	4.7 	4.8 	5.0 
PC_Y80_MAX,EA19	5.2 b	5.3 b	5.4 	5.5 b	5.7 b	5.8 	5.9 b	6.1 p	6.2 bep	6.3 ep	6.5 bp	6.5 bp
PC_Y80_MAX,EA20	: 	: 	: 	: 	: 	: 	: 	: 	: 	: 	: 	6.5 bp
PC_Y80_MAX,EE	4.3 	4.5 	4.7 	4.9 	5.0 b	5.1 	5.3 	5.5 	5.6 	5.8 	5.9 	6.0 
PC_Y80_MAX,EL	5.2 	5.4 	5.7 	6.0 	6.3 	6.5 	6.7 	6.9 	7.1 	7.2 	7.3 	7.2 b
PC_Y80_MAX,ES	5.1 	5.3 	5.5 	5.7 	5.9 	6.0 	6.2 	6.2 	6.1 	6.0 	6.1 	6.1 
PC_Y80_MAX,EU27_2020	4.8 b	5.0 b	5.1 	5.2 b	5.3 b	5.4 	5.6 b	5.7 p	5.8 bep	5.9 ep	6.0 bep	6.1 bep
PC_Y80_MAX,FI	4.8 	4.9 	5.0 	5.0 	5.1 	5.2 	5.2 	5.3 	5.5 	5.7 	5.7 	6.0 
PC_Y80_MAX,FR	5.4 	5.5 b	5.6 	5.7 b	5.8 	5.9 	6.0 	6.0 p	6.1 p	6.2 p	6.1 p	6.0 p
PC_Y80_MAX,FX	5.5 	5.6 	5.7 	: 	: 	: 	: 	: 	: 	: 	: 	: 
PC_Y80_MAX,GE	3.4 	3.4 	: 	3.6 	3.6 	3.1 	3.2 	3.3 	3.5 	3.6 	3.7 	3.6 
PC_Y80_MAX,HR	3.9 	4.1 	4.3 	4.5 	4.7 	4.8 	5.0 	5.2 	5.3 	5.5 	5.6 	5.5 b
PC_Y80_MAX,HU	4.1 	4.0 b	4.1 	4.2 	4.2 	4.3 	4.3 	4.4 	4.4 	4.5 	4.6 	4.6 
PC_Y80_MAX,IE	2.8 	2.9 	2.9 	3.0 	3.0 	3.1 	3.2 	3.3 	3.3 	3.4 	3.5 	3.6 
PC_Y80_MAX,IS	3.4 	3.5 	3.6 	3.6 	3.7 	3.7 	3.6 	3.6 	3.5 	3.5 	3.5 	3.5 
PC_Y80_MAX,IT	6.0 	6.2 	6.3 	6.4 	6.5 	6.7 	6.8 	7.0 	7.2 b	7.4 	7.6 	7.6 
PC_Y80_MAX,LI	3.2 	3.1 	3.2 	3.3 	3.4 	3.4 	3.5 	3.7 	3.8 	3.9 	4.1 	4.4 
PC_Y80_MAX,LT	4.4 	4.6 	4.8 	5.0 	5.1 	5.3 	5.5 	5.6 	5.8 	5.9 	5.9 	5.6 
PC_Y80_MAX,LU	3.7 	3.9 b	3.9 	3.9 	4.0 	4.0 	3.9 b	3.9 	4.0 	4.0 	4.0 	3.9 
PC_Y80_MAX,LV	4.3 	4.5 	4.7 	4.8 	4.9 	5.0 	5.2 	5.4 	5.6 	5.8 	6.0 	6.0 
PC_Y80_MAX,MD	2.0 	2.1 	2.2 	2.2 	2.2 	: 	2.3 	: 	: 	: 	2.4 p	: 
PC_Y80_MAX,ME	2.4 	2.4 	2.5 	2.6 	2.7 	2.8 	3.1 	3.1 	3.3 	3.4 	3.4 	3.2 
PC_Y80_MAX,MK	1.9 	1.9 	2.0 	2.1 	2.2 	2.3 	2.4 	2.5 	2.5 	2.6 	2.6 	3.0 b
PC_Y80_MAX,MT	3.5 	3.6 	3.7 	3.8 	3.9 	4.0 	4.1 	4.2 	4.2 	4.2 	4.3 	4.3 p
PC_Y80_MAX,NL	4.0 	4.1 	4.2 	4.3 	4.3 	4.4 	4.5 	4.5 	4.6 	4.7 	4.8 	4.8 
PC_Y80_MAX,NO	: 	: 	: 	4.3 	: 	4.2 	4.2 	4.2 	4.2 	4.3 	: 	4.4 
PC_Y80_MAX,PL	3.5 	3.6 	3.8 	3.9 	4.0 	4.1 	4.2 	4.3 	4.4 	4.4 	4.4 ep	4.4 ep
PC_Y80_MAX,PT	4.9 	5.1 	5.3 	5.5 	5.7 	5.9 	6.1 	6.3 	6.4 	6.6 	6.6 	6.9 bp
PC_Y80_MAX,RO	3.6 	3.6 	3.8 	4.0 e	4.1 	4.2 	4.4 	4.5 	4.7 	4.8 e	4.8 e	4.4 e
PC_Y80_MAX,RS	3.4 b	3.6 	3.8 	4.0 	4.1 	4.3 	4.4 	4.5 	4.6 	4.7 	4.7 	4.6 
PC_Y80_MAX,RU	2.9 	: 	: 	3.0 	: 	: 	: 	: 	: 	: 	: 	: 
PC_Y80_MAX,SE	5.3 	5.3 	5.2 	5.2 	5.1 	5.1 	5.1 	5.1 	5.1 	5.2 	5.2 	5.4 
PC_Y80_MAX,SI	4.1 	4.3 	4.5 	4.7 	4.8 	5.0 	5.1 	5.2 	5.3 	5.4 	5.5 	5.6 
PC_Y80_MAX,SK	2.8 	2.9 	3.0 	3.0 	3.1 	3.2 	3.2 	3.2 	3.3 	3.4 	3.5 	3.4 
PC_Y80_MAX,SM	: 	5.2 	5.3 	: 	: 	: 	: 	5.7 	: 	: 	: 	: 
PC_Y80_MAX,TR	1.3 	1.4 	1.5 	1.6 	1.7 	1.7 	1.7 	1.7 	1.8 	1.8 	1.8 	: 
PC_Y80_MAX,UA	3.5 	3.5 	3.5 	3.4 	3.4 	3.4 	3.6 	4.0 	4.3 	4.5 	4.6 	4.7 
PC_Y80_MAX,UK	4.6 	4.6 	4.7 	4.7 	4.8 	4.8 	4.9 	4.9 	5.0 	: 	: 	: 
PC_Y80_MAX,XK	: 	: 	: 	: 	: 	1.1 	1.6 	1.6 	1.8 	1.8 	1.9 	1.9 
